{
    "available_space": true,
    "id": "s1",
    "size_max": 29.600418090820312,
    "size_mean": 11.458134006809544,
    "size_min": 1.2078323364257812,
    "total_size": 847.9019165039062
}