{
    "available_space": true,
    "id": "s1",
    "size_max": 29.600418090820312,
    "size_mean": 11.749103973651755,
    "size_min": 1.2078323364257812,
    "total_size": 681.4480304718018
}