{
    "available_space": true,
    "id": "s1",
    "size_max": 29.600418090820312,
    "size_mean": 11.899564308032655,
    "size_min": 1.2078323364257812,
    "total_size": 678.2751655578613
}