{
    "available_space": true,
    "id": "s1",
    "size_max": 29.600418090820312,
    "size_mean": 12.034374134881157,
    "size_min": 1.2078323364257812,
    "total_size": 673.9249515533447
}