{
    "available_space": false,
    "id": "s1",
    "size_max": 46.534780502319336,
    "size_mean": 11.046163011946769,
    "size_min": 0.9677820205688477,
    "total_size": 2927.2331981658936
}